[Header],,,,,,,,,,
[Data],,,,,,,,,,
Sample_ID,Sample_Name,Sample_Plate,Sample_Well,Index_Plate_Well,I7_Index_ID,index,I5_Index_ID,index2,Sample_Project,Description
Sample_3069,,,,,,CTGTTGGT,,ATAGACCG,NexteraFlex_WGS,
Sample_3108,,,,,,TTACCTGG,,ACAGTTCC,NexteraFlex_WGS,
Sample_3145,,,,,,TGGCTAAT,,AGGCATGT,NexteraFlex_WGS,
Sample_3148,,,,,,AACACTGT,,GCAAGTCT,NexteraFlex_WGS,
Sample_3156,,,,,,ATTGCGCG,,TTGGCTCC,NexteraFlex_WGS,
Sample_3157,,,,,,TGGCGCGA,,AACTGATA,NexteraFlex_WGS,
Sample_3158,,,,,,TAATGTGT,,GTAAGGCA,NexteraFlex_WGS,
Sample_3159,,,,,,ATACCAAC,,AATTGCTG,NexteraFlex_WGS,
Sample_3160,,,,,,AGGATGTG,,TTACAATT,NexteraFlex_WGS,
Sample_3161,,,,,,CACGGAAC,,AACCTAGC,NexteraFlex_WGS,
Sample_3162,,,,,,TGGAGTAC,,TCTGTGTG,NexteraFlex_WGS,
ddRAD_Pool1,,,,,,CCGCGGTTÊ,,AGCGCTAGÊ,ddRAD_Pools,
ddRAD_Pool2,,,,,,TTATAACCÊ,,GATATCGAÊ,ddRAD_Pools,
ddRAD_Pool3,,,,,,GGACTTGGÊ,,CGCAGACGÊ,ddRAD_Pools,
ddRAD_Pool4,,,,,,AAGTCCAAÊ,,TATGAGTAÊ,ddRAD_Pools,
ddRAD_Pool5,,,,,,ATCCACTGÊ,,AGGTGCGTÊ,ddRAD_Pools,
ddRAD_Pool6,,,,,,GCTTGTCAÊ,,GAACATACÊ,ddRAD_Pools,